[
 {
  "countryCode": "au",
  "languages": {
   "bg": "Австралия",
   "cy": "Awstralia",
   "de": "Australien",
   "dsb": "Awstralska",
   "el": "Αυστραλία",
   "fr": "Australie",
   "fy_NL": "Austraalje",
   "hsb": "Awstralska",
   "hu": "Ausztrália",
   "ja": "オーストラリア",
   "nl": "Australië",
   "oc": "Austràlia",
   "pt_BR": "Austrália",
   "ru": "Австралия",
   "sk": "Austrália",
   "sv_SE": "Australien",
   "uk": "Австралія",
   "zh_TW": "澳洲"
  },
  "cities": [
   {
    "city": "Melbourne",
    "languages": {
     "bg": "Мелбърн",
     "el": "Μελβούρνη",
     "ja": "メルボルン",
     "ru": "Мельбурн",
     "sq": "Melburni",
     "uk": "Мельбурн",
     "zh_TW": "墨爾本"
    }
   },
   {
    "city": "Sydney",
    "languages": {
     "bg": "Сидни",
     "el": "Σίδνεϊ",
     "es_AR": "Sídney",
     "es_CL": "Sídney",
     "es_ES": "Sídney",
     "es_MX": "Sídney",
     "ja": "シドニー",
     "ru": "Сидней",
     "uk": "Сідней",
     "zh_TW": "雪梨"
    }
   }
  ]
 },
 {
  "countryCode": "at",
  "languages": {
   "bg": "Австрия",
   "cy": "Awstria",
   "de": "Österreich",
   "dsb": "Awstriska",
   "el": "Αυστρία",
   "fr": "Autriche",
   "fy_NL": "Eastenryk",
   "hsb": "Awstriska",
   "hu": "Ausztria",
   "ja": "オーストリア",
   "nl": "Oostenrijk",
   "oc": "Àustria",
   "pt_BR": "Áustria",
   "ru": "Австрия",
   "sk": "Rakúsko",
   "sv_SE": "Österrike",
   "uk": "Австрія",
   "zh_TW": "奧地利"
  },
  "cities": [
   {
    "city": "Vienna",
    "languages": {
     "bg": "Виена",
     "cy": "Fienna",
     "de": "Wien",
     "dsb": "Wien",
     "el": "Βιέννη",
     "es_AR": "Viena",
     "es_CL": "Viena",
     "es_ES": "Viena",
     "es_MX": "Viena",
     "fr": "Vienne",
     "fy_NL": "Wenen",
     "hsb": "Wien",
     "hu": "Bécs",
     "id": "Wina",
     "ja": "ウィーン",
     "nl": "Wenen",
     "oc": "Viena",
     "pt_BR": "Viena",
     "ru": "Вена",
     "sk": "Viedeň",
     "sq": "Vjenë",
     "sv_SE": "Wien",
     "uk": "Відень",
     "zh_TW": "維也納"
    }
   }
  ]
 },
 {
  "countryCode": "be",
  "languages": {
   "bg": "Белгия",
   "co": "Belgica",
   "cy": "Gwlad Belg",
   "de": "Belgien",
   "dsb": "Belgiska",
   "el": "Βέλγιο",
   "es_AR": "Bélgica",
   "es_CL": "Bélgica",
   "es_ES": "Bélgica",
   "es_MX": "Bélgica",
   "fr": "Belgique",
   "fy_NL": "Belgje",
   "hsb": "Belgiska",
   "ia": "Belgica",
   "id": "Belgia",
   "it": "Belgio",
   "ja": "ベルギー",
   "nl": "België",
   "oc": "Belgica",
   "pt_BR": "Bélgica",
   "ru": "Бельгия",
   "sk": "Belgicko",
   "sq": "Belgjika",
   "sv_SE": "Belgien",
   "uk": "Бельгія",
   "zh_TW": "比利時"
  },
  "cities": [
   {
    "city": "Brussels",
    "languages": {
     "bg": "Брюксел",
     "co": "Bruxelles",
     "cy": "Dinas Brwsel",
     "de": "Brüssel",
     "el": "Βρυξέλλες",
     "en": "Brussels",
     "en_CA": "Brussels",
     "en_GB": "Brussels",
     "es_AR": "Bruselas",
     "es_CL": "Bruselas",
     "es_ES": "Bruselas",
     "es_MX": "Bruselas",
     "fr": "Bruxelles",
     "fy_NL": "Brussel",
     "hsb": "Brüssel",
     "hu": "Brüsszel",
     "ia": "Brussel",
     "id": "Brussel",
     "it": "Bruxelles",
     "ja": "ブリュッセル＝ヴィル",
     "nl": "Brussel",
     "oc": "Brussèlas",
     "pt_BR": "Bruxelas",
     "ru": "Брюссель",
     "sk": "Brusel",
     "sq": "Brukseli",
     "sv_SE": "Bryssel",
     "uk": "Брюссель",
     "zh_TW": "布魯塞爾市"
    }
   }
  ]
 },
 {
  "countryCode": "br",
  "languages": {
   "bg": "Бразилия",
   "co": "Brasile",
   "cy": "Brasil",
   "de": "Brasilien",
   "dsb": "Brazilska",
   "el": "Βραζιλία",
   "es_AR": "Brasil",
   "es_CL": "Brasil",
   "es_ES": "Brasil",
   "es_MX": "Brasil",
   "fr": "Brésil",
   "fy_NL": "Brazylje",
   "hsb": "Brazilska",
   "hu": "Brazília",
   "ia": "Brasil",
   "id": "Brasil",
   "it": "Brasile",
   "ja": "ブラジル",
   "nl": "Brazilië",
   "oc": "Brasil",
   "pt_BR": "Brasil",
   "ru": "Бразилия",
   "sk": "Brazília",
   "sq": "Brazili",
   "sv_SE": "Brasilien",
   "uk": "Бразилія",
   "zh_TW": "巴西"
  },
  "cities": [
   {
    "city": "Sao Paulo",
    "languages": {
     "bg": "Сао Пауло",
     "co": "São Paulo",
     "cy": "São Paulo",
     "de": "São Paulo",
     "dsb": "São Paulo",
     "el": "Σάο Πάολο",
     "en": "São Paulo",
     "en_CA": "São Paulo",
     "en_GB": "São Paulo",
     "es_AR": "San Pablo",
     "es_CL": "San Pablo",
     "es_ES": "San Pablo",
     "es_MX": "San Pablo",
     "fr": "São Paulo",
     "fy_NL": "São Paulo",
     "hsb": "São Paulo",
     "hu": "São Paulo",
     "ia": "São Paulo",
     "id": "São Paulo",
     "it": "San Paolo",
     "ja": "サンパウロ",
     "nl": "São Paulo",
     "oc": "São Paulo",
     "pt_BR": "São Paulo",
     "ru": "Сан-Паулу",
     "sk": "São Paulo",
     "sq": "São Paulo",
     "sv_SE": "São Paulo",
     "uk": "Сан-Паулу",
     "zh_TW": "聖保羅"
    }
   }
  ]
 },
 {
  "countryCode": "bg",
  "languages": {
   "bg": "България",
   "cy": "Bwlgaria",
   "de": "Bulgarien",
   "dsb": "Bulgaŕska",
   "el": "Βουλγαρία",
   "fr": "Bulgarie",
   "fy_NL": "Bulgarije",
   "hsb": "Bołharska",
   "hu": "Bulgária",
   "ja": "ブルガリア",
   "nl": "Bulgarije",
   "pt_BR": "Bulgária",
   "ru": "Болгария",
   "sk": "Bulharsko",
   "sq": "Bullgaria",
   "sv_SE": "Bulgarien",
   "uk": "Болгарія",
   "zh_TW": "保加利亞"
  },
  "cities": [
   {
    "city": "Sofia",
    "languages": {
     "bg": "София",
     "dsb": "Sofija",
     "el": "Σόφια",
     "es_AR": "Sofía",
     "es_CL": "Sofía",
     "es_ES": "Sofía",
     "es_MX": "Sofía",
     "hsb": "Sofija",
     "hu": "Szófia",
     "ja": "ソフィア",
     "oc": "Sòfia",
     "pt_BR": "Sófia",
     "ru": "София",
     "sq": "Sofja",
     "uk": "Софія",
     "zh_TW": "索菲亞"
    }
   }
  ]
 },
 {
  "countryCode": "ca",
  "languages": {
   "bg": "Канада",
   "co": "Canadà",
   "de": "Kanada",
   "dsb": "Kanada",
   "el": "Καναδάς",
   "es_AR": "Canadá",
   "es_CL": "Canadá",
   "es_ES": "Canadá",
   "es_MX": "Canadá",
   "fy_NL": "Kanada",
   "hsb": "Kanada",
   "hu": "Kanada",
   "id": "Kanada",
   "ja": "カナダ",
   "oc": "Canadà",
   "pt_BR": "Canadá",
   "ru": "Канада",
   "sk": "Kanada",
   "sq": "Kanadaja",
   "sv_SE": "Kanada",
   "uk": "Канада",
   "zh_TW": "加拿大"
  },
  "cities": [
   {
    "city": "Montreal",
    "languages": {
     "bg": "Монреал",
     "co": "Montréal",
     "cy": "Montréal",
     "el": "Μόντρεαλ",
     "fr": "Montréal",
     "hu": "Montréal",
     "it": "Montréal",
     "ja": "モントリオール",
     "ru": "Монреаль",
     "sq": "Montreali",
     "sv_SE": "Montréal",
     "uk": "Монреаль",
     "zh_TW": "蒙特婁"
    }
   },
   {
    "city": "Toronto",
    "languages": {
     "bg": "Торонто",
     "el": "Τορόντο",
     "ja": "トロント",
     "ru": "Торонто",
     "uk": "Торонто",
     "zh_TW": "多倫多"
    }
   }
  ]
 },
 {
  "countryCode": "cz",
  "languages": {
   "bg": "Чехия",
   "co": "Cechia",
   "cy": "Y Weriniaeth Tsiec",
   "de": "Tschechien",
   "dsb": "Česka",
   "el": "Τσεχία",
   "es_AR": "República Checa",
   "es_CL": "República Checa",
   "es_ES": "República Checa",
   "es_MX": "República Checa",
   "fr": "Tchéquie",
   "fy_NL": "Tsjechje",
   "hsb": "Čěska",
   "hu": "Csehország",
   "ia": "Republica Chec",
   "id": "Republik Ceko",
   "it": "Repubblica Ceca",
   "ja": "チェコ",
   "nl": "Tsjechië",
   "oc": "Republica Chèca",
   "pt_BR": "Tchéquia",
   "ru": "Чехия",
   "sk": "Česko",
   "sq": "Republika Çeke",
   "sv_SE": "Tjeckien",
   "uk": "Чехія",
   "zh_TW": "捷克共和國"
  },
  "cities": [
   {
    "city": "Prague",
    "languages": {
     "bg": "Прага",
     "co": "Praga",
     "cy": "Prag",
     "de": "Prag",
     "dsb": "Praha",
     "el": "Πράγα",
     "es_AR": "Praga",
     "es_CL": "Praga",
     "es_ES": "Praga",
     "es_MX": "Praga",
     "fy_NL": "Praach",
     "hsb": "Praha",
     "hu": "Prága",
     "ia": "Praga",
     "id": "Praha",
     "it": "Praga",
     "ja": "プラハ",
     "nl": "Praag",
     "oc": "Praga",
     "pt_BR": "Praga",
     "ru": "Прага",
     "sk": "Praha",
     "sq": "Praga",
     "sv_SE": "Prag",
     "uk": "Прага",
     "zh_TW": "布拉格"
    }
   }
  ]
 },
 {
  "countryCode": "dk",
  "languages": {
   "bg": "Дания",
   "co": "Danimarca",
   "cy": "Denmarc",
   "de": "Dänemark",
   "dsb": "Dańska",
   "el": "Δανία",
   "es_AR": "Dinamarca",
   "es_CL": "Dinamarca",
   "es_ES": "Dinamarca",
   "es_MX": "Dinamarca",
   "fr": "Danemark",
   "fy_NL": "Denemark",
   "hsb": "Danska",
   "hu": "Dánia",
   "ia": "Danmark",
   "it": "Danimarca",
   "ja": "デンマーク",
   "nl": "Denemarken",
   "oc": "Danemarc",
   "pt_BR": "Dinamarca",
   "ru": "Дания",
   "sk": "Dánsko",
   "sq": "Danimarka",
   "sv_SE": "Danmark",
   "uk": "Данія",
   "zh_TW": "丹麥"
  },
  "cities": [
   {
    "city": "Copenhagen",
    "languages": {
     "bg": "Копенхаген",
     "co": "Copenaghen",
     "de": "Kopenhagen",
     "dsb": "Kopenhagen",
     "el": "Κοπεγχάγη",
     "es_AR": "Copenhague",
     "es_CL": "Copenhague",
     "es_ES": "Copenhague",
     "es_MX": "Copenhague",
     "fr": "Copenhague",
     "fy_NL": "Kopenhagen",
     "hsb": "Kopenhagen",
     "hu": "Koppenhága",
     "id": "Kopenhagen",
     "it": "Copenaghen",
     "ja": "コペンハーゲン",
     "nl": "Kopenhagen",
     "oc": "Copenaga",
     "pt_BR": "Copenhague",
     "ru": "Копенгаген",
     "sk": "Kodaň",
     "sq": "Kopenhagen",
     "sv_SE": "Köpenhamn",
     "uk": "Копенгаген",
     "zh_TW": "哥本哈根"
    }
   }
  ]
 },
 {
  "countryCode": "ee",
  "languages": {
   "bg": "Естония",
   "de": "Estland",
   "dsb": "Estniska",
   "el": "Εσθονία",
   "fr": "Estonie",
   "fy_NL": "Estlân",
   "hsb": "Estiska",
   "hu": "Észtország",
   "ja": "エストニア",
   "nl": "Estland",
   "oc": "Estònia",
   "pt_BR": "Estônia",
   "ru": "Эстония",
   "sk": "Estónsko",
   "sv_SE": "Estland",
   "uk": "Естонія",
   "zh_TW": "愛沙尼亞"
  },
  "cities": [
   {
    "city": "Tallinn",
    "languages": {
     "bg": "Талин",
     "el": "Τάλιν",
     "es_AR": "Tallin",
     "es_CL": "Tallin",
     "es_ES": "Tallin",
     "es_MX": "Tallin",
     "fy_NL": "Tallin",
     "ja": "タリン",
     "ru": "Таллин",
     "sq": "Talini",
     "uk": "Таллінн",
     "zh_TW": "塔林"
    }
   }
  ]
 },
 {
  "countryCode": "fi",
  "languages": {
   "bg": "Финландия",
   "co": "Finlandia",
   "cy": "Y Ffindir",
   "de": "Finnland",
   "dsb": "Finska",
   "el": "Φινλανδία",
   "es_AR": "Finlandia",
   "es_CL": "Finlandia",
   "es_ES": "Finlandia",
   "es_MX": "Finlandia",
   "fr": "Finlande",
   "fy_NL": "Finlân",
   "hsb": "Finska",
   "hu": "Finnország",
   "ia": "Finlandia",
   "id": "Finlandia",
   "it": "Finlandia",
   "ja": "フィンランド",
   "oc": "Finlàndia",
   "pt_BR": "Finlândia",
   "ru": "Финляндия",
   "sk": "Fínsko",
   "sq": "Finlanda",
   "uk": "Фінляндія",
   "zh_TW": "芬蘭"
  },
  "cities": [
   {
    "city": "Helsinki",
    "languages": {
     "bg": "Хелзинки",
     "el": "Ελσίνκι",
     "fy_NL": "Helsinky",
     "ja": "ヘルシンキ",
     "pt_BR": "Helsinque",
     "ru": "Хельсинки",
     "sv_SE": "Helsingfors",
     "uk": "Гельсінкі",
     "zh_TW": "赫爾辛基"
    }
   }
  ]
 },
 {
  "countryCode": "fr",
  "languages": {
   "bg": "Франция",
   "co": "Francia",
   "cy": "Ffrainc",
   "de": "Frankreich",
   "dsb": "Francojska",
   "el": "Γαλλία",
   "es_AR": "Francia",
   "es_CL": "Francia",
   "es_ES": "Francia",
   "es_MX": "Francia",
   "fy_NL": "Frankryk",
   "hsb": "Francoska",
   "hu": "Franciaország",
   "ia": "Francia",
   "id": "Prancis",
   "it": "Francia",
   "ja": "フランス",
   "nl": "Frankrijk",
   "oc": "França",
   "pt_BR": "França",
   "ru": "Франция",
   "sk": "Francúzsko",
   "sq": "Francë",
   "sv_SE": "Frankrike",
   "uk": "Франція",
   "zh_TW": "法國"
  },
  "cities": [
   {
    "city": "Marseille",
    "languages": {
     "co": "Marseglia",
     "el": "Μασσαλία",
     "es_AR": "Marsella",
     "es_CL": "Marsella",
     "es_ES": "Marsella",
     "es_MX": "Marsella",
     "it": "Marsiglia",
     "ja": "マルセイユ",
     "pt_BR": "Marselha",
     "ru": "Марсель",
     "uk": "Марсель",
     "zh_TW": "馬賽"
    }
   },
   {
    "city": "Paris",
    "languages": {
     "bg": "Париж",
     "co": "Parighji",
     "el": "Παρίσι",
     "es_AR": "París",
     "es_CL": "París",
     "es_ES": "París",
     "es_MX": "París",
     "fy_NL": "Parys",
     "hu": "Párizs",
     "it": "Parigi",
     "ja": "パリ",
     "nl": "Parijs",
     "oc": "París",
     "ru": "Париж",
     "sk": "Paríž",
     "uk": "Париж",
     "zh_TW": "巴黎"
    }
   }
  ]
 },
 {
  "countryCode": "de",
  "languages": {
   "bg": "Германия",
   "co": "Germania",
   "cy": "yr Almaen",
   "de": "Deutschland",
   "dsb": "Nimska",
   "el": "Γερμανία",
   "es_AR": "Alemania",
   "es_CL": "Alemania",
   "es_ES": "Alemania",
   "es_MX": "Alemania",
   "fr": "Allemagne",
   "fy_NL": "Dútslân",
   "hsb": "Němska",
   "hu": "Németország",
   "ia": "Germania",
   "id": "Jerman",
   "it": "Germania",
   "ja": "ドイツ",
   "nl": "Duitsland",
   "oc": "Alemanha",
   "pt_BR": "Alemanha",
   "ru": "Германия",
   "sk": "Nemecko",
   "sq": "Gjermania",
   "sv_SE": "Tyskland",
   "uk": "Німеччина",
   "zh_TW": "德國"
  },
  "cities": [
   {
    "city": "Dusseldorf",
    "languages": {
     "bg": "Дюселдорф",
     "co": "Düsseldorf",
     "cy": "Düsseldorf",
     "de": "Düsseldorf",
     "dsb": "Düsseldorf",
     "el": "Ντύσσελντορφ",
     "en": "Düsseldorf",
     "en_CA": "Düsseldorf",
     "en_GB": "Düsseldorf",
     "es_AR": "Düsseldorf",
     "es_CL": "Düsseldorf",
     "es_ES": "Düsseldorf",
     "es_MX": "Düsseldorf",
     "fr": "Düsseldorf",
     "fy_NL": "Düsseldorf",
     "hsb": "Düsseldorf",
     "hu": "Düsseldorf",
     "ia": "Düsseldorf",
     "id": "Düsseldorf",
     "it": "Düsseldorf",
     "ja": "デュッセルドルフ",
     "nl": "Düsseldorf",
     "oc": "Düsseldorf",
     "pt_BR": "Düsseldorf",
     "ru": "Дюссельдорф",
     "sk": "Düsseldorf",
     "sq": "Dyzeldorfi",
     "sv_SE": "Düsseldorf",
     "uk": "Дюссельдорф",
     "zh_TW": "杜塞爾多夫"
    }
   },
   {
    "city": "Frankfurt",
    "languages": {
     "bg": "Франкфурт на Майн",
     "co": "Francuforte nant'à u Menu",
     "cy": "Frankfurt am Main",
     "de": "Frankfurt am Main",
     "dsb": "Frankfurt nad Mainom",
     "el": "Φραγκφούρτη",
     "es_AR": "Fráncfort del Meno",
     "es_CL": "Fráncfort del Meno",
     "es_ES": "Fráncfort del Meno",
     "es_MX": "Fráncfort del Meno",
     "fr": "Francfort-sur-le-Main",
     "fy_NL": "Frankfurt am Main",
     "hsb": "Frankobrod nad Mohanom",
     "hu": "Frankfurt am Main",
     "ia": "Frankfurt am Main",
     "id": "Frankfurt am Main",
     "it": "Francoforte sul Meno",
     "ja": "フランクフルト・アム・マイン",
     "nl": "Frankfurt am Main",
     "oc": "Francfòrt de Men",
     "ru": "Франкфурт-на-Майне",
     "sk": "Frankfurt nad Mohanom",
     "sq": "Frankfurti mbi Main",
     "sv_SE": "Frankfurt am Main",
     "uk": "Франкфурт-на-Майні",
     "zh_TW": "美茵河畔法蘭克福"
    }
   }
  ]
 },
 {
  "countryCode": "hk",
  "languages": {
   "bg": "Хонконг",
   "cy": "Hong Cong",
   "de": "Hongkong",
   "el": "Χονγκ Κονγκ",
   "fy_NL": "Hongkong",
   "hu": "Hongkong",
   "ja": "香港",
   "nl": "Hongkong",
   "ru": "Гонконг",
   "sk": "Hongkong",
   "sv_SE": "Hongkong",
   "uk": "Гонконг",
   "zh_TW": "香港"
  },
  "cities": []
 },
 {
  "countryCode": "hu",
  "languages": {
   "bg": "Унгария",
   "co": "Ungheria",
   "cy": "Hwngari",
   "de": "Ungarn",
   "dsb": "Hungorska",
   "el": "Ουγγαρία",
   "es_AR": "Hungría",
   "es_CL": "Hungría",
   "es_ES": "Hungría",
   "es_MX": "Hungría",
   "fr": "Hongrie",
   "fy_NL": "Hongarije",
   "hsb": "Madźarska",
   "hu": "Magyarország",
   "ia": "Hungaria",
   "id": "Hongaria",
   "it": "Ungheria",
   "ja": "ハンガリー",
   "nl": "Hongarije",
   "oc": "Ongria",
   "pt_BR": "Hungria",
   "ru": "Венгрия",
   "sk": "Maďarsko",
   "sq": "Hungaria",
   "sv_SE": "Ungern",
   "uk": "Угорщина",
   "zh_TW": "匈牙利"
  },
  "cities": [
   {
    "city": "Budapest",
    "languages": {
     "bg": "Будапеща",
     "el": "Βουδαπέστη",
     "fy_NL": "Bûdapest",
     "ja": "ブダペスト",
     "nl": "Boedapest",
     "oc": "Budapèst",
     "pt_BR": "Budapeste",
     "ru": "Будапешт",
     "sk": "Budapešť",
     "uk": "Будапешт",
     "zh_TW": "布達佩斯"
    }
   }
  ]
 },
 {
  "countryCode": "ie",
  "languages": {
   "bg": "Ирландия",
   "co": "Irlanda",
   "cy": "Iwerddon",
   "de": "Irland",
   "dsb": "Irska",
   "el": "Δημοκρατία της Ιρλανδίας",
   "en": "Republic of Ireland",
   "en_CA": "Republic of Ireland",
   "en_GB": "Republic of Ireland",
   "es_AR": "República de Irlanda",
   "es_CL": "República de Irlanda",
   "es_ES": "República de Irlanda",
   "es_MX": "República de Irlanda",
   "fr": "Irlande",
   "fy_NL": "Ierlân",
   "hsb": "Irska",
   "hu": "Írország",
   "ia": "Republica de Irlanda",
   "id": "Republik Irlandia",
   "it": "Irlanda",
   "ja": "アイルランド",
   "nl": "Ierland",
   "oc": "Republica d'Irlanda",
   "pt_BR": "República da Irlanda",
   "ru": "Ирландия",
   "sk": "Írsko",
   "sq": "Republika e Irlandës",
   "sv_SE": "Irland",
   "uk": "Ірландія",
   "zh_TW": "愛爾蘭"
  },
  "cities": [
   {
    "city": "Dublin",
    "languages": {
     "bg": "Дъблин",
     "co": "Dublinu",
     "cy": "Dulyn",
     "el": "Δουβλίνο",
     "es_AR": "Dublín",
     "es_CL": "Dublín",
     "es_ES": "Dublín",
     "es_MX": "Dublín",
     "it": "Dublino",
     "ja": "ダブリン",
     "ru": "Дублин",
     "sq": "Dublini",
     "uk": "Дублін",
     "zh_TW": "都柏林"
    }
   }
  ]
 },
 {
  "countryCode": "it",
  "languages": {
   "bg": "Италия",
   "co": "Italia",
   "cy": "Yr Eidal",
   "de": "Italien",
   "dsb": "Italska",
   "el": "Ιταλία",
   "es_AR": "Italia",
   "es_CL": "Italia",
   "es_ES": "Italia",
   "es_MX": "Italia",
   "fr": "Italie",
   "fy_NL": "Itaalje",
   "hsb": "Italska",
   "hu": "Olaszország",
   "ia": "Italia",
   "id": "Italia",
   "it": "Italia",
   "ja": "イタリア",
   "nl": "Italië",
   "oc": "Itàlia",
   "pt_BR": "Itália",
   "ru": "Италия",
   "sk": "Taliansko",
   "sq": "Italia",
   "sv_SE": "Italien",
   "uk": "Італія",
   "zh_TW": "義大利"
  },
  "cities": [
   {
    "city": "Milan",
    "languages": {
     "bg": "Милано",
     "co": "Milanu",
     "de": "Mailand",
     "el": "Μιλάνο",
     "es_AR": "Milán",
     "es_CL": "Milán",
     "es_ES": "Milán",
     "es_MX": "Milán",
     "fy_NL": "Milaan",
     "hsb": "Mailand",
     "hu": "Milánó",
     "ia": "Milano",
     "it": "Milano",
     "ja": "ミラノ",
     "nl": "Milaan",
     "pt_BR": "Milão",
     "ru": "Милан",
     "sk": "Miláno",
     "sq": "Milano",
     "sv_SE": "Milano",
     "uk": "Мілан",
     "zh_TW": "米蘭"
    }
   }
  ]
 },
 {
  "countryCode": "jp",
  "languages": {
   "bg": "Япония",
   "co": "Giapponu",
   "dsb": "Japańska",
   "el": "Ιαπωνία",
   "es_AR": "Japón",
   "es_CL": "Japón",
   "es_ES": "Japón",
   "es_MX": "Japón",
   "fr": "Japon",
   "hsb": "Japanska",
   "hu": "Japán",
   "ia": "Japon",
   "id": "Jepang",
   "it": "Giappone",
   "ja": "日本",
   "oc": "Japon",
   "pt_BR": "Japão",
   "ru": "Япония",
   "sk": "Japonsko",
   "sq": "Japonia",
   "uk": "Японія",
   "zh_TW": "日本"
  },
  "cities": [
   {
    "city": "Osaka",
    "languages": {
     "en": "Ōsaka",
     "en_CA": "Ōsaka",
     "en_GB": "Ōsaka",
     "ja": "大阪",
     "zh_TW": "大阪"
    }
   },
   {
    "city": "Tokyo",
    "languages": {
     "bg": "Токио",
     "co": "Tokiu",
     "de": "Tokio",
     "dsb": "Tokio",
     "el": "Τόκιο",
     "es_AR": "Tokio",
     "es_CL": "Tokio",
     "es_ES": "Tokio",
     "es_MX": "Tokio",
     "fy_NL": "Tokio",
     "hsb": "Tokio",
     "hu": "Tokió",
     "ja": "東京都",
     "nl": "Tokio",
     "oc": "prefectura de Tòquio",
     "pt_BR": "Tóquio",
     "ru": "Токио",
     "sk": "Tokio",
     "sq": "Tokjo",
     "sv_SE": "Tokyo prefektur",
     "uk": "Токіо",
     "zh_TW": "東京都"
    }
   }
  ]
 },
 {
  "countryCode": "lv",
  "languages": {
   "bg": "Латвия",
   "co": "Lettonia",
   "cy": "Latfia",
   "de": "Lettland",
   "dsb": "Letiska",
   "el": "Λετονία",
   "es_AR": "Letonia",
   "es_CL": "Letonia",
   "es_ES": "Letonia",
   "es_MX": "Letonia",
   "fr": "Lettonie",
   "fy_NL": "Letlân",
   "hsb": "Letiska",
   "hu": "Lettország",
   "ia": "Lettonia",
   "it": "Lettonia",
   "ja": "ラトビア",
   "nl": "Letland",
   "oc": "Letònia",
   "pt_BR": "Letônia",
   "ru": "Латвия",
   "sk": "Lotyšsko",
   "sq": "Letonia",
   "sv_SE": "Lettland",
   "uk": "Латвія",
   "zh_TW": "拉脫維亞"
  },
  "cities": [
   {
    "city": "Riga",
    "languages": {
     "bg": "Рига",
     "el": "Ρίγα",
     "ja": "リガ",
     "ru": "Рига",
     "uk": "Рига",
     "zh_TW": "里加"
    }
   }
  ]
 },
 {
  "countryCode": "lu",
  "languages": {
   "bg": "Люксембург",
   "co": "Lussemburgu",
   "cy": "Lwcsembwrg",
   "de": "Luxemburg",
   "dsb": "Luxemburgska",
   "el": "Λουξεμβούργο",
   "es_AR": "Luxemburgo",
   "es_CL": "Luxemburgo",
   "es_ES": "Luxemburgo",
   "es_MX": "Luxemburgo",
   "fy_NL": "Lúksemboarch",
   "hsb": "Luxemburgska",
   "hu": "Luxemburg",
   "ia": "Luxemburg",
   "id": "Luksemburg",
   "it": "Lussemburgo",
   "ja": "ルクセンブルク",
   "nl": "Luxemburg",
   "oc": "Luxemborg",
   "pt_BR": "Luxemburgo",
   "ru": "Люксембург",
   "sk": "Luxembursko",
   "sq": "Luksemburgu",
   "sv_SE": "Luxemburg",
   "uk": "Люксембург",
   "zh_TW": "盧森堡"
  },
  "cities": []
 },
 {
  "countryCode": "md",
  "languages": {
   "bg": "Молдова",
   "co": "Moldavia",
   "cy": "Moldofa",
   "de": "Republik Moldau",
   "dsb": "Moldawska",
   "el": "Μολδαβία",
   "es_AR": "Moldavia",
   "es_CL": "Moldavia",
   "es_ES": "Moldavia",
   "es_MX": "Moldavia",
   "fr": "Moldavie",
   "fy_NL": "Moldaavje",
   "hsb": "Moldawska",
   "ia": "Moldavia",
   "it": "Moldavia",
   "ja": "モルドバ",
   "nl": "Moldavië",
   "oc": "Moldàvia",
   "pt_BR": "Moldávia",
   "ru": "Молдавия",
   "sk": "Moldavsko",
   "sq": "Moldavia",
   "sv_SE": "Moldavien",
   "uk": "Молдова",
   "zh_TW": "摩爾多瓦"
  },
  "cities": [
   {
    "city": "Chisinau",
    "languages": {
     "bg": "Кишинев",
     "co": "Chişinău",
     "cy": "Chișinău",
     "de": "Chișinău",
     "el": "Κισινάου",
     "en": "Chișinău",
     "en_CA": "Chișinău",
     "en_GB": "Chișinău",
     "es_AR": "Chisináu",
     "es_CL": "Chisináu",
     "es_ES": "Chisináu",
     "es_MX": "Chisináu",
     "fr": "Chișinău",
     "hsb": "Kišinjow",
     "hu": "Chișinău",
     "ia": "Chișinău",
     "id": "Kishinev",
     "it": "Chișinău",
     "ja": "キシナウ",
     "oc": "Chișinău",
     "pt_BR": "Chişinău",
     "ru": "Кишинёв",
     "sk": "Kišiňov",
     "sq": "Kishinau",
     "sv_SE": "Chișinău",
     "uk": "Кишинів",
     "zh_TW": "奇西瑙"
    }
   }
  ]
 },
 {
  "countryCode": "nl",
  "languages": {
   "bg": "Нидерландия",
   "co": "Paesi Bassi",
   "cy": "Yr Iseldiroedd",
   "de": "Niederlande",
   "dsb": "Nižozemska",
   "el": "Ολλανδία",
   "es_AR": "Países Bajos",
   "es_CL": "Países Bajos",
   "es_ES": "Países Bajos",
   "es_MX": "Países Bajos",
   "fr": "Pays-Bas",
   "fy_NL": "Nederlân",
   "hsb": "Nižozemska",
   "hu": "Hollandia",
   "ia": "Nederlandia",
   "id": "Belanda",
   "it": "Paesi Bassi",
   "ja": "オランダ",
   "nl": "Nederland",
   "oc": "Païses Basses",
   "pt_BR": "Países Baixos",
   "ru": "Нидерланды",
   "sk": "Holandsko",
   "sq": "Holanda",
   "sv_SE": "Nederländerna",
   "uk": "Нідерланди",
   "zh_TW": "荷蘭"
  },
  "cities": [
   {
    "city": "Amsterdam",
    "languages": {
     "bg": "Амстердам",
     "el": "Άμστερνταμ",
     "es_AR": "Ámsterdam",
     "es_CL": "Ámsterdam",
     "es_ES": "Ámsterdam",
     "es_MX": "Ámsterdam",
     "hu": "Amszterdam",
     "ja": "アムステルダム",
     "pt_BR": "Amsterdã",
     "ru": "Амстердам",
     "sq": "Amsterdami",
     "uk": "Амстердам",
     "zh_TW": "阿姆斯特丹"
    }
   }
  ]
 },
 {
  "countryCode": "nz",
  "languages": {
   "bg": "Нова Зеландия",
   "co": "Nova Zilanda",
   "cy": "Seland Newydd",
   "de": "Neuseeland",
   "dsb": "Nowoseelandska",
   "el": "Νέα Ζηλανδία",
   "es_AR": "Nueva Zelanda",
   "es_CL": "Nueva Zelanda",
   "es_ES": "Nueva Zelanda",
   "es_MX": "Nueva Zelanda",
   "fr": "Nouvelle-Zélande",
   "fy_NL": "Nij-Seelân",
   "hsb": "Nowoseelandska",
   "hu": "Új-Zéland",
   "ia": "Nove Zelanda",
   "id": "Selandia Baru",
   "it": "Nuova Zelanda",
   "ja": "ニュージーランド",
   "nl": "Nieuw-Zeeland",
   "oc": "Nòva Zelanda",
   "pt_BR": "Nova Zelândia",
   "ru": "Новая Зеландия",
   "sk": "Nový Zéland",
   "sq": "Zelanda e Re",
   "sv_SE": "Nya Zeeland",
   "uk": "Нова Зеландія",
   "zh_TW": "紐西蘭"
  },
  "cities": [
   {
    "city": "Auckland",
    "languages": {
     "bg": "Окланд",
     "el": "Ώκλαντ",
     "ja": "オークランド",
     "ru": "Окленд",
     "sq": "Okland",
     "uk": "Окленд",
     "zh_TW": "奧克蘭"
    }
   }
  ]
 },
 {
  "countryCode": "mk",
  "languages": {
   "co": "Macedonia di u Nordu",
   "cy": "Gogledd Macedonia",
   "de": "Nordmazedonien",
   "dsb": "Pódpołnocna Makedońska",
   "el": "Βόρεια Μακεδονία",
   "es_AR": "Macedonia del Norte",
   "es_CL": "Macedonia del Norte",
   "es_ES": "Macedonia del Norte",
   "es_MX": "Macedonia del Norte",
   "fr": "Macédoine du Nord",
   "fy_NL": "Noard-Masedoanje",
   "hsb": "Sewjerna Makedonska",
   "hu": "Észak-Macedónia",
   "ia": "Republica del Macedonia del Nord",
   "id": "Republik Makedonia Utara",
   "it": "Macedonia del Nord",
   "ja": "北マケドニア",
   "nl": "Noord-Macedonië",
   "pt_BR": "Macedônia do Norte",
   "ru": "Северная Македония",
   "sk": "Severné Macedónsko",
   "sq": "Maqedonia e Veriut",
   "sv_SE": "Nordmakedonien",
   "uk": "Північна Македонія",
   "zh_TW": "北馬其頓"
  },
  "cities": [
   {
    "city": "Skopje",
    "languages": {
     "el": "Σκόπια",
     "es_AR": "Skopie",
     "es_CL": "Skopie",
     "es_ES": "Skopie",
     "es_MX": "Skopie",
     "hu": "Szkopje",
     "ja": "スコピエ",
     "ru": "Скопье",
     "sq": "Shkupi",
     "uk": "Скоп'є",
     "zh_TW": "史高比耶"
    }
   }
  ]
 },
 {
  "countryCode": "no",
  "languages": {
   "bg": "Норвегия",
   "co": "Nurvegia",
   "cy": "Norwy",
   "de": "Norwegen",
   "dsb": "Norwegska",
   "el": "Νορβηγία",
   "es_AR": "Noruega",
   "es_CL": "Noruega",
   "es_ES": "Noruega",
   "es_MX": "Noruega",
   "fr": "Norvège",
   "fy_NL": "Noarwegen",
   "hsb": "Norwegska",
   "hu": "Norvégia",
   "ia": "Norvegia",
   "id": "Norwegia",
   "it": "Norvegia",
   "ja": "ノルウェー",
   "nl": "Noorwegen",
   "oc": "Norvègia",
   "pt_BR": "Noruega",
   "ru": "Норвегия",
   "sk": "Nórsko",
   "sq": "Norvegjia",
   "sv_SE": "Norge",
   "uk": "Норвегія",
   "zh_TW": "挪威"
  },
  "cities": [
   {
    "city": "Oslo",
    "languages": {
     "bg": "Осло",
     "co": "Oslu",
     "el": "Όσλο",
     "ja": "オスロ",
     "oc": "Òslo",
     "ru": "Осло",
     "uk": "Осло",
     "zh_TW": "奧斯陸"
    }
   }
  ]
 },
 {
  "countryCode": "pl",
  "languages": {
   "bg": "Полша",
   "co": "Polonia",
   "cy": "Gwlad Pwyl",
   "de": "Polen",
   "dsb": "Pólska",
   "el": "Πολωνία",
   "es_AR": "Polonia",
   "es_CL": "Polonia",
   "es_ES": "Polonia",
   "es_MX": "Polonia",
   "fr": "Pologne",
   "fy_NL": "Poalen",
   "hsb": "Pólska",
   "hu": "Lengyelország",
   "ia": "Polonia",
   "id": "Polandia",
   "it": "Polonia",
   "ja": "ポーランド",
   "nl": "Polen",
   "oc": "Polonha",
   "pt_BR": "Polônia",
   "ru": "Польша",
   "sk": "Poľsko",
   "sq": "Polonia",
   "sv_SE": "Polen",
   "uk": "Польща",
   "zh_TW": "波蘭"
  },
  "cities": [
   {
    "city": "Warsaw",
    "languages": {
     "bg": "Варшава",
     "co": "Varsavia",
     "de": "Warschau",
     "dsb": "Waršawa",
     "el": "Βαρσοβία",
     "es_AR": "Varsovia",
     "es_CL": "Varsovia",
     "es_ES": "Varsovia",
     "es_MX": "Varsovia",
     "fr": "Varsovie",
     "fy_NL": "Warsjau",
     "hsb": "Waršawa",
     "hu": "Varsó",
     "ia": "Varsovia",
     "id": "Warsawa",
     "it": "Varsavia",
     "ja": "ワルシャワ",
     "nl": "Warschau",
     "oc": "Varsòvia",
     "pt_BR": "Varsóvia",
     "ru": "Варшава",
     "sk": "Varšava",
     "sq": "Varshava",
     "sv_SE": "Warszawa",
     "uk": "Варшава",
     "zh_TW": "華沙"
    }
   }
  ]
 },
 {
  "countryCode": "pt",
  "languages": {
   "bg": "Португалия",
   "co": "Portugallu",
   "cy": "Portiwgal",
   "dsb": "Portugalska",
   "el": "Πορτογαλία",
   "fy_NL": "Portegal",
   "hsb": "Portugalska",
   "hu": "Portugália",
   "it": "Portogallo",
   "ja": "ポルトガル",
   "ru": "Португалия",
   "sk": "Portugalsko",
   "sq": "Portugalia",
   "uk": "Португалія",
   "zh_TW": "葡萄牙"
  },
  "cities": [
   {
    "city": "Lisbon",
    "languages": {
     "bg": "Лисабон",
     "co": "Lisbona",
     "de": "Lissabon",
     "dsb": "Lisabon",
     "el": "Λισαβόνα",
     "es_AR": "Lisboa",
     "es_CL": "Lisboa",
     "es_ES": "Lisboa",
     "es_MX": "Lisboa",
     "fr": "Lisbonne",
     "fy_NL": "Lissabon",
     "hsb": "Lisabon",
     "hu": "Lisszabon",
     "ia": "Lisbona",
     "id": "Lisboa",
     "it": "Lisbona",
     "ja": "リスボン",
     "nl": "Lissabon",
     "oc": "Lisbona",
     "pt_BR": "Lisboa",
     "ru": "Лиссабон",
     "sk": "Lisabon",
     "sq": "Lisbona",
     "sv_SE": "Lissabon",
     "uk": "Лісабон",
     "zh_TW": "里斯本"
    }
   }
  ]
 },
 {
  "countryCode": "ro",
  "languages": {
   "bg": "Румъния",
   "cy": "Rwmania",
   "de": "Rumänien",
   "dsb": "Rumuńska",
   "el": "Ρουμανία",
   "es_AR": "Rumania",
   "es_CL": "Rumania",
   "es_ES": "Rumania",
   "es_MX": "Rumania",
   "fr": "Roumanie",
   "fy_NL": "Roemeenje",
   "hsb": "Rumunska",
   "hu": "Románia",
   "id": "Rumania",
   "ja": "ルーマニア",
   "nl": "Roemenië",
   "pt_BR": "Romênia",
   "ru": "Румыния",
   "sk": "Rumunsko",
   "sq": "Rumania",
   "sv_SE": "Rumänien",
   "uk": "Румунія",
   "zh_TW": "羅馬尼亞"
  },
  "cities": [
   {
    "city": "Bucharest",
    "languages": {
     "bg": "Букурещ",
     "co": "Bucarest",
     "cy": "Bwcarést",
     "de": "Bukarest",
     "dsb": "Bukarest",
     "el": "Βουκουρέστι",
     "es_AR": "Bucarest",
     "es_CL": "Bucarest",
     "es_ES": "Bucarest",
     "es_MX": "Bucarest",
     "fr": "Bucarest",
     "fy_NL": "Bûkarest",
     "hsb": "Bukarest",
     "hu": "Bukarest",
     "ia": "Bucarest",
     "id": "Bukares",
     "it": "Bucarest",
     "ja": "ブカレスト",
     "nl": "Boekarest",
     "oc": "Bucarèst",
     "pt_BR": "Bucareste",
     "ru": "Бухарест",
     "sk": "Bukurešť",
     "sq": "Bukureshti",
     "sv_SE": "Bukarest",
     "uk": "Бухарест",
     "zh_TW": "布加勒斯特"
    }
   }
  ]
 },
 {
  "countryCode": "rs",
  "languages": {
   "bg": "Сърбия",
   "de": "Serbien",
   "dsb": "Serbiska",
   "el": "Σερβία",
   "fr": "Serbie",
   "fy_NL": "Servje",
   "hsb": "Serbiska",
   "hu": "Szerbia",
   "ja": "セルビア",
   "nl": "Servië",
   "pt_BR": "Sérvia",
   "ru": "Сербия",
   "sk": "Srbsko",
   "sv_SE": "Serbien",
   "uk": "Сербія",
   "zh_TW": "塞爾維亞"
  },
  "cities": [
   {
    "city": "Belgrade",
    "languages": {
     "bg": "Белград",
     "co": "Belgradu",
     "cy": "Beograd",
     "de": "Belgrad",
     "dsb": "Běłogrod",
     "el": "Βελιγράδι",
     "es_AR": "Belgrado",
     "es_CL": "Belgrado",
     "es_ES": "Belgrado",
     "es_MX": "Belgrado",
     "fy_NL": "Belgrado",
     "hsb": "Běłohród",
     "hu": "Belgrád",
     "ia": "Belgrad",
     "id": "Beograd",
     "it": "Belgrado",
     "ja": "ベオグラード",
     "nl": "Belgrado",
     "oc": "Belgrad",
     "pt_BR": "Belgrado",
     "ru": "Белград",
     "sk": "Belehrad",
     "sq": "Beogradi",
     "sv_SE": "Belgrad",
     "uk": "Белград",
     "zh_TW": "貝爾格勒"
    }
   }
  ]
 },
 {
  "countryCode": "sg",
  "languages": {
   "bg": "Сингапур",
   "cy": "Singapôr",
   "de": "Singapur",
   "dsb": "Singapur",
   "el": "Σιγκαπούρη",
   "es_AR": "Singapur",
   "es_CL": "Singapur",
   "es_ES": "Singapur",
   "es_MX": "Singapur",
   "fr": "Singapour",
   "hsb": "Singapur",
   "hu": "Szingapúr",
   "ia": "Singapur",
   "id": "Singapura",
   "ja": "シンガポール",
   "oc": "Singapor",
   "pt_BR": "Singapura",
   "ru": "Сингапур",
   "sk": "Singapur",
   "sq": "Singapori",
   "uk": "Сінгапур",
   "zh_TW": "新加坡"
  },
  "cities": []
 },
 {
  "countryCode": "es",
  "languages": {
   "bg": "Испания",
   "co": "Spagna",
   "cy": "Sbaen",
   "de": "Spanien",
   "dsb": "Špańska",
   "el": "Ισπανία",
   "es_AR": "España",
   "es_CL": "España",
   "es_ES": "España",
   "es_MX": "España",
   "fr": "Espagne",
   "fy_NL": "Spanje",
   "hsb": "Španiska",
   "hu": "Spanyolország",
   "ia": "Espania",
   "id": "Spanyol",
   "it": "Spagna",
   "ja": "スペイン",
   "nl": "Spanje",
   "oc": "Espanha",
   "pt_BR": "Espanha",
   "ru": "Испания",
   "sk": "Španielsko",
   "sq": "Spanja",
   "sv_SE": "Spanien",
   "uk": "Іспанія",
   "zh_TW": "西班牙"
  },
  "cities": [
   {
    "city": "Madrid",
    "languages": {
     "bg": "Мадрид",
     "el": "Μαδρίτη",
     "ja": "マドリード",
     "pt_BR": "Madri",
     "ru": "Мадрид",
     "sq": "Madridi",
     "uk": "Мадрид",
     "zh_TW": "馬德里"
    }
   }
  ]
 },
 {
  "countryCode": "se",
  "languages": {
   "bg": "Швеция",
   "co": "Svezia",
   "de": "Schweden",
   "dsb": "Šwedska",
   "el": "Σουηδία",
   "es_AR": "Suecia",
   "es_CL": "Suecia",
   "es_ES": "Suecia",
   "es_MX": "Suecia",
   "fr": "Suède",
   "hsb": "Šwedska",
   "hu": "Svédország",
   "ia": "Svedia",
   "id": "Swedia",
   "it": "Svezia",
   "ja": "スウェーデン",
   "nl": "Zweden",
   "oc": "Suècia",
   "pt_BR": "Suécia",
   "ru": "Швеция",
   "sk": "Švédsko",
   "sq": "Suedia",
   "sv_SE": "Sverige",
   "uk": "Швеція",
   "zh_TW": "瑞典"
  },
  "cities": [
   {
    "city": "Gothenburg",
    "languages": {
     "bg": "Гьотеборг",
     "co": "Göteborg",
     "cy": "Göteborg",
     "de": "Göteborg",
     "dsb": "Göteborg",
     "el": "Γκέτεμποργκ",
     "es_AR": "Gotemburgo",
     "es_CL": "Gotemburgo",
     "es_ES": "Gotemburgo",
     "es_MX": "Gotemburgo",
     "fr": "Göteborg",
     "fy_NL": "Goateboarch",
     "hsb": "Göteborg",
     "hu": "Göteborg",
     "ia": "Göteborg",
     "id": "Göteborg",
     "it": "Göteborg",
     "ja": "ヨーテボリ",
     "nl": "Göteborg",
     "oc": "Göteborg",
     "pt_BR": "Gotemburgo",
     "ru": "Гётеборг",
     "sk": "Göteborg",
     "sq": "Göteborg",
     "sv_SE": "Göteborg",
     "uk": "Гетеборг",
     "zh_TW": "哥特堡"
    }
   },
   {
    "city": "Malmö",
    "languages": {
     "bg": "Малмьо",
     "el": "Μάλμε",
     "ja": "マルメ",
     "ru": "Мальмё",
     "uk": "Мальме",
     "zh_TW": "馬爾摩"
    }
   },
   {
    "city": "Stockholm",
    "languages": {
     "bg": "Стокхолм",
     "co": "Stoccolma",
     "el": "Στοκχόλμη",
     "es_AR": "Estocolmo",
     "es_CL": "Estocolmo",
     "es_ES": "Estocolmo",
     "es_MX": "Estocolmo",
     "fy_NL": "Stokholm",
     "it": "Stoccolma",
     "ja": "ストックホルム",
     "oc": "Estocòlme",
     "pt_BR": "Estocolmo",
     "ru": "Стокгольм",
     "sk": "Štokholm",
     "sq": "Stokholmi",
     "uk": "Стокгольм",
     "zh_TW": "斯德哥爾摩"
    }
   }
  ]
 },
 {
  "countryCode": "ch",
  "languages": {
   "bg": "Швейцария",
   "co": "Svizzera",
   "cy": "Y Swistir",
   "de": "Schweiz",
   "dsb": "Šwicaŕska",
   "el": "Ελβετία",
   "es_AR": "Suiza",
   "es_CL": "Suiza",
   "es_ES": "Suiza",
   "es_MX": "Suiza",
   "fr": "Suisse",
   "fy_NL": "Switserlân",
   "hsb": "Šwicarska",
   "hu": "Svájc",
   "ia": "Switza",
   "id": "Swiss",
   "it": "Svizzera",
   "ja": "スイス",
   "nl": "Zwitserland",
   "oc": "Soïssa",
   "pt_BR": "Suíça",
   "ru": "Швейцария",
   "sk": "Švajčiarsko",
   "sq": "Zvicër",
   "sv_SE": "Schweiz",
   "uk": "Швейцарія",
   "zh_TW": "瑞士"
  },
  "cities": [
   {
    "city": "Zurich",
    "languages": {
     "bg": "Цюрих",
     "cy": "Zürich",
     "de": "Zürich",
     "dsb": "Zürich",
     "el": "Ζυρίχη",
     "en": "Zürich",
     "en_CA": "Zürich",
     "en_GB": "Zürich",
     "es_AR": "Zúrich",
     "es_CL": "Zúrich",
     "es_ES": "Zúrich",
     "es_MX": "Zúrich",
     "fy_NL": "Zürich",
     "hsb": "Zürich",
     "hu": "Zürich",
     "ia": "Zurico",
     "id": "Zürich",
     "it": "Zurigo",
     "ja": "チューリッヒ",
     "nl": "Zürich",
     "oc": "Zuric",
     "pt_BR": "Zurique",
     "ru": "Цюрих",
     "sk": "Zürich",
     "sq": "Cyrih",
     "sv_SE": "Zürich",
     "uk": "Цюрих",
     "zh_TW": "蘇黎世"
    }
   }
  ]
 },
 {
  "countryCode": "gb",
  "languages": {
   "bg": "Великобритания",
   "co": "Regnu Unitu",
   "cy": "Y Deyrnas Gyfunol",
   "de": "Vereinigtes Königreich",
   "dsb": "Zjadnośone kralojstwo",
   "el": "Ηνωμένο Βασίλειο",
   "en": "United Kingdom",
   "en_CA": "United Kingdom",
   "en_GB": "United Kingdom",
   "es_AR": "Reino Unido",
   "es_CL": "Reino Unido",
   "es_ES": "Reino Unido",
   "es_MX": "Reino Unido",
   "fr": "Royaume-Uni",
   "fy_NL": "Feriene Keninkryk",
   "hsb": "Zjednoćene kralestwo",
   "hu": "Egyesült Királyság",
   "ia": "Regno Unite",
   "id": "Britania Raya",
   "it": "Regno Unito",
   "ja": "イギリス",
   "nl": "Verenigd Koninkrijk",
   "oc": "Reialme Unit",
   "pt_BR": "Reino Unido",
   "ru": "Великобритания",
   "sk": "Spojené kráľovstvo",
   "sq": "Britania e Madhe",
   "sv_SE": "Storbritannien",
   "uk": "Велика Британія",
   "zh_TW": "英國"
  },
  "cities": [
   {
    "city": "London",
    "languages": {
     "bg": "Лондон",
     "co": "Londra",
     "cy": "Llundain",
     "el": "Λονδίνο",
     "es_AR": "Londres",
     "es_CL": "Londres",
     "es_ES": "Londres",
     "es_MX": "Londres",
     "fr": "Londres",
     "fy_NL": "Londen",
     "it": "Londra",
     "ja": "ロンドン",
     "nl": "Londen",
     "oc": "Londres",
     "pt_BR": "Londres",
     "ru": "Лондон",
     "sk": "Londýn",
     "sq": "Londër",
     "uk": "Лондон",
     "zh_TW": "倫敦"
    }
   },
   {
    "city": "Manchester",
    "languages": {
     "bg": "Манчестър",
     "cy": "Manceinion",
     "el": "Μάντσεστερ",
     "es_AR": "Mánchester",
     "es_CL": "Mánchester",
     "es_ES": "Mánchester",
     "es_MX": "Mánchester",
     "ia": "Manchester (Anglaterra)",
     "ja": "マンチェスター",
     "ru": "Манчестер",
     "uk": "Манчестер",
     "zh_TW": "曼徹斯特"
    }
   }
  ]
 },
 {
  "countryCode": "us",
  "languages": {
   "bg": "САЩ",
   "co": "Stati Uniti d'America",
   "cy": "Unol Daleithiau America",
   "de": "Vereinigte Staaten",
   "dsb": "Zjadnośone staty Ameriki",
   "el": "Ηνωμένες Πολιτείες Αμερικής",
   "en": "United States of America",
   "en_CA": "United States",
   "en_GB": "United States of America",
   "es_AR": "Estados Unidos",
   "es_CL": "Estados Unidos",
   "es_ES": "Estados Unidos",
   "es_MX": "Estados Unidos",
   "fr": "États-Unis",
   "fy_NL": "Feriene Steaten fan Amearika",
   "hsb": "Zjednoćene staty Ameriki",
   "hu": "Amerikai Egyesült Államok",
   "ia": "Statos Unite de America",
   "id": "Amerika Serikat",
   "it": "USA",
   "ja": "アメリカ合衆国",
   "nl": "Verenigde Staten van Amerika",
   "oc": "Estats Units d'America",
   "pt_BR": "Estados Unidos",
   "ru": "США",
   "sk": "Spojené štáty americké",
   "sq": "Shtetet e Bashkuara të Amerikës",
   "uk": "Сполучені Штати Америки",
   "zh_TW": "美國"
  },
  "cities": [
   {
    "city": "Ashburn, VA",
    "languages": {
     "cy": "Ashburn, Virginia",
     "de": "Ashburn",
     "en": "Ashburn",
     "en_CA": "Ashburn",
     "en_GB": "Ashburn",
     "es_AR": "Ashburn (Virginia)",
     "es_CL": "Ashburn (Virginia)",
     "es_ES": "Ashburn (Virginia)",
     "es_MX": "Ashburn (Virginia)",
     "fr": "Ashburn",
     "id": "Ashburn",
     "it": "Ashburn",
     "ja": "アッシュバーン (バージニア州)",
     "nl": "Ashburn (Virginia)",
     "pt_BR": "Ashburn (Virgínia)",
     "ru": "Ашберн",
     "sv_SE": "Ashburn",
     "uk": "Ешберн",
     "zh_TW": "阿什本"
    }
   },
   {
    "city": "Atlanta, GA",
    "languages": {
     "bg": "Атланта",
     "co": "Atlanta",
     "cy": "Atlanta",
     "de": "Atlanta",
     "el": "Ατλάντα",
     "en": "Atlanta",
     "en_CA": "Atlanta",
     "en_GB": "Atlanta",
     "es_AR": "Atlanta",
     "es_CL": "Atlanta",
     "es_ES": "Atlanta",
     "es_MX": "Atlanta",
     "fr": "Atlanta",
     "fy_NL": "Atlanta",
     "hu": "Atlanta",
     "ia": "Atlanta",
     "id": "Atlanta",
     "it": "Atlanta",
     "ja": "アトランタ",
     "nl": "Atlanta",
     "oc": "Atlanta",
     "pt_BR": "Atlanta",
     "ru": "Атланта",
     "sk": "Atlanta",
     "sq": "Atlanta",
     "sv_SE": "Atlanta",
     "uk": "Атланта",
     "zh_TW": "亞特蘭大"
    }
   },
   {
    "city": "Chicago, IL",
    "languages": {
     "bg": "Чикаго",
     "co": "Chicago",
     "cy": "Chicago",
     "de": "Chicago",
     "dsb": "Chicago",
     "el": "Σικάγο",
     "en": "Chicago",
     "en_CA": "Chicago",
     "en_GB": "Chicago",
     "es_AR": "Chicago",
     "es_CL": "Chicago",
     "es_ES": "Chicago",
     "es_MX": "Chicago",
     "fr": "Chicago",
     "fy_NL": "Chicago",
     "hsb": "Chicago",
     "hu": "Chicago",
     "ia": "Chicago",
     "id": "Chicago",
     "it": "Chicago",
     "ja": "シカゴ",
     "nl": "Chicago",
     "oc": "Chicago",
     "pt_BR": "Chicago",
     "ru": "Чикаго",
     "sk": "Chicago",
     "sq": "Chicago",
     "sv_SE": "Chicago",
     "uk": "Чикаго",
     "zh_TW": "芝加哥"
    }
   },
   {
    "city": "Dallas, TX",
    "languages": {
     "bg": "Далас",
     "co": "Dallas",
     "cy": "Dallas, Texas",
     "de": "Dallas",
     "el": "Ντάλας",
     "en": "Dallas",
     "en_CA": "Dallas",
     "en_GB": "Dallas",
     "es_AR": "Dallas",
     "es_CL": "Dallas",
     "es_ES": "Dallas",
     "es_MX": "Dallas",
     "fr": "Dallas",
     "fy_NL": "Dallas",
     "hsb": "Dallas",
     "hu": "Dallas",
     "ia": "Dallas, Texas",
     "id": "Dallas",
     "it": "Dallas",
     "ja": "ダラス",
     "nl": "Dallas",
     "oc": "Dallas",
     "pt_BR": "Dallas",
     "ru": "Даллас",
     "sk": "Dallas",
     "sq": "Dallas",
     "sv_SE": "Dallas",
     "uk": "Даллас",
     "zh_TW": "達拉斯"
    }
   },
   {
    "city": "Denver, CO",
    "languages": {
     "bg": "Денвър",
     "co": "Denver",
     "cy": "Denver, Colorado",
     "de": "Denver",
     "el": "Ντένβερ",
     "en": "Denver",
     "en_CA": "Denver",
     "en_GB": "Denver",
     "es_AR": "Denver",
     "es_CL": "Denver",
     "es_ES": "Denver",
     "es_MX": "Denver",
     "fr": "Denver",
     "fy_NL": "Denver",
     "hu": "Denver",
     "ia": "Denver, Colorado",
     "id": "Denver",
     "it": "Denver",
     "ja": "デンヴァー",
     "nl": "Denver",
     "oc": "Denver",
     "pt_BR": "Denver",
     "ru": "Денвер",
     "sk": "Denver",
     "sq": "Denver",
     "sv_SE": "Denver",
     "uk": "Денвер",
     "zh_TW": "丹佛"
    }
   },
   {
    "city": "Los Angeles, CA",
    "languages": {
     "bg": "Лос Анджелис",
     "co": "Los Angeles",
     "cy": "Los Angeles",
     "de": "Los Angeles",
     "dsb": "Los Angeles",
     "el": "Λος Άντζελες",
     "en": "Los Angeles",
     "en_CA": "Los Angeles",
     "en_GB": "Los Angeles",
     "es_AR": "Los Ángeles",
     "es_CL": "Los Ángeles",
     "es_ES": "Los Ángeles",
     "es_MX": "Los Ángeles",
     "fr": "Los Angeles",
     "fy_NL": "Los Angeles",
     "hsb": "Los Angeles",
     "hu": "Los Angeles",
     "ia": "Los Angeles",
     "id": "Los Angeles",
     "it": "Los Angeles",
     "ja": "ロサンゼルス",
     "nl": "Los Angeles",
     "oc": "Los Angeles",
     "pt_BR": "Los Angeles",
     "ru": "Лос-Анджелес",
     "sk": "Los Angeles",
     "sq": "Los Axhelos",
     "sv_SE": "Los Angeles",
     "uk": "Лос-Анджелес",
     "zh_TW": "洛杉磯"
    }
   },
   {
    "city": "Miami, FL",
    "languages": {
     "bg": "Маями",
     "co": "Miami",
     "cy": "Miami",
     "de": "Miami",
     "el": "Μαϊάμι",
     "en": "Miami",
     "en_CA": "Miami",
     "en_GB": "Miami",
     "es_AR": "Miami",
     "es_CL": "Miami",
     "es_ES": "Miami",
     "es_MX": "Miami",
     "fr": "Miami",
     "fy_NL": "Miami",
     "hu": "Miami",
     "ia": "Miami, Florida",
     "id": "Miami",
     "it": "Miami",
     "ja": "マイアミ",
     "nl": "Miami",
     "oc": "Miami",
     "pt_BR": "Miami",
     "ru": "Майами",
     "sk": "Miami",
     "sq": "Miami",
     "sv_SE": "Miami",
     "uk": "Маямі",
     "zh_TW": "邁阿密"
    }
   },
   {
    "city": "New York, NY",
    "languages": {
     "bg": "Ню Йорк",
     "co": "New York",
     "cy": "Dinas Efrog Newydd",
     "de": "New York City",
     "dsb": "New York City",
     "el": "Νέα Υόρκη",
     "en": "New York City",
     "en_CA": "New York City",
     "en_GB": "New York City",
     "es_AR": "Nueva York",
     "es_CL": "Nueva York",
     "es_ES": "Nueva York",
     "es_MX": "Nueva York",
     "fr": "New York",
     "fy_NL": "New York City",
     "hsb": "New York City",
     "hu": "New York",
     "ia": "New York",
     "id": "New York City",
     "it": "New York",
     "ja": "ニューヨーク",
     "nl": "New York",
     "oc": "Nòva York",
     "pt_BR": "Nova Iorque",
     "ru": "Нью-Йорк",
     "sk": "New York",
     "sq": "New York City",
     "sv_SE": "New York",
     "uk": "Нью-Йорк",
     "zh_TW": "紐約"
    }
   },
   {
    "city": "Phoenix, AZ",
    "languages": {
     "bg": "Финикс",
     "co": "Phoenix",
     "cy": "Phoenix",
     "de": "Phoenix",
     "el": "Φοίνιξ",
     "en": "Phoenix",
     "en_CA": "Phoenix",
     "en_GB": "Phoenix",
     "es_AR": "Phoenix",
     "es_CL": "Phoenix",
     "es_ES": "Phoenix",
     "es_MX": "Phoenix",
     "fr": "Phoenix",
     "fy_NL": "Phoenix",
     "hu": "Phoenix",
     "ia": "Phoenix",
     "id": "Phoenix",
     "it": "Phoenix",
     "ja": "フェニックス",
     "nl": "Phoenix",
     "oc": "Phoenix",
     "pt_BR": "Phoenix",
     "ru": "Финикс",
     "sk": "Phoenix",
     "sq": "Phoenix",
     "sv_SE": "Phoenix",
     "uk": "Фінікс",
     "zh_TW": "鳳凰城"
    }
   },
   {
    "city": "Raleigh, NC",
    "languages": {
     "bg": "Роли",
     "cy": "Raleigh, Gogledd Carolina",
     "de": "Raleigh",
     "el": "Ράλεϊ",
     "en": "Raleigh",
     "en_CA": "Raleigh, North Carolina",
     "en_GB": "Raleigh",
     "es_AR": "Raleigh",
     "es_CL": "Raleigh",
     "es_ES": "Raleigh",
     "es_MX": "Raleigh",
     "fr": "Raleigh",
     "fy_NL": "Raleigh",
     "hu": "Raleigh",
     "ia": "Raleigh",
     "id": "Raleigh, Carolina Utara",
     "it": "Raleigh",
     "ja": "ローリー",
     "nl": "Raleigh",
     "oc": "Raleigh",
     "pt_BR": "Raleigh",
     "ru": "Роли",
     "sk": "Raleigh",
     "sq": "Raleigh",
     "sv_SE": "Raleigh",
     "uk": "Ралі",
     "zh_TW": "羅利"
    }
   },
   {
    "city": "Salt Lake City, UT",
    "languages": {
     "bg": "Солт Лейк Сити",
     "co": "Salt Lake City",
     "cy": "Salt Lake City",
     "de": "Salt Lake City",
     "el": "Σολτ Λέικ Σίτι",
     "en": "Salt Lake City",
     "en_CA": "Salt Lake City",
     "en_GB": "Salt Lake City",
     "es_AR": "Salt Lake City",
     "es_CL": "Salt Lake City",
     "es_ES": "Salt Lake City",
     "es_MX": "Salt Lake City",
     "fr": "Salt Lake City",
     "fy_NL": "Salt Lake City",
     "hu": "Salt Lake City",
     "ia": "Salt Lake City",
     "id": "Salt Lake City",
     "it": "Salt Lake City",
     "ja": "ソルトレイクシティ",
     "nl": "Salt Lake City",
     "oc": "Salt Lake City",
     "pt_BR": "Salt Lake City",
     "ru": "Солт-Лейк-Сити",
     "sk": "Salt Lake City",
     "sq": "Salt Lake City",
     "sv_SE": "Salt Lake City",
     "uk": "Солт-Лейк-Сіті",
     "zh_TW": "鹽湖城"
    }
   },
   {
    "city": "San Jose, CA",
    "languages": {
     "bg": "Сан Хосе",
     "cy": "San Jose, Califfornia",
     "de": "San José",
     "el": "Σαν Χοσέ",
     "en": "San Jose",
     "en_CA": "San Jose, California",
     "en_GB": "San Jose",
     "es_AR": "San José",
     "es_CL": "San José",
     "es_ES": "San José",
     "es_MX": "San José",
     "fr": "San José",
     "fy_NL": "San Jose",
     "hu": "San José",
     "ia": "San Jose",
     "id": "San Jose, California",
     "it": "San Jose",
     "ja": "サンノゼ",
     "nl": "San Jose",
     "oc": "San José",
     "pt_BR": "São José",
     "ru": "Сан-Хосе",
     "sk": "San José",
     "sq": "San Hose",
     "sv_SE": "San Jos",
     "uk": "Сан-Хосе",
     "zh_TW": "聖荷西"
    }
   },
   {
    "city": "Seattle, WA",
    "languages": {
     "bg": "Сиатъл",
     "co": "Seattle",
     "cy": "Seattle",
     "de": "Seattle",
     "el": "Σιάτλ",
     "en": "Seattle",
     "en_CA": "Seattle",
     "en_GB": "Seattle",
     "es_AR": "Seattle",
     "es_CL": "Seattle",
     "es_ES": "Seattle",
     "es_MX": "Seattle",
     "fr": "Seattle",
     "fy_NL": "Seattle",
     "hu": "Seattle",
     "ia": "Seattle",
     "id": "Seattle",
     "it": "Seattle",
     "ja": "シアトル",
     "nl": "Seattle",
     "oc": "Seattle",
     "pt_BR": "Seattle",
     "ru": "Сиэтл",
     "sk": "Seattle",
     "sq": "Seattle",
     "sv_SE": "Seattle",
     "uk": "Сіетл",
     "zh_TW": "西雅圖"
    }
   },
   {
    "city": "Secaucus, NJ",
    "languages": {
     "cy": "Secaucus, New Jersey",
     "de": "Secaucus",
     "en": "Secaucus",
     "en_CA": "Secaucus",
     "en_GB": "Secaucus",
     "es_AR": "Secaucus",
     "es_CL": "Secaucus",
     "es_ES": "Secaucus",
     "es_MX": "Secaucus",
     "fr": "Secaucus",
     "it": "Secaucus",
     "ja": "ニュージャージー州セコーカス",
     "nl": "Secaucus",
     "pt_BR": "Secaucus",
     "ru": "Секокус (Нью-Джерси)",
     "uk": "Сікокес",
     "zh_TW": "西考克斯市，新泽西州"
    }
   }
  ]
 }
]
